,Date,Close,High,Low,Open,Volume
0,2022-01-03,178.87989807128906,179.7349465415521,174.65385883537695,174.77179035001552,104487900
1,2022-01-04,176.60964965820312,179.79393593953884,176.0396222685355,179.4892694890775,99310400
2,2022-01-05,171.91184997558594,177.07156425536837,171.6366664137079,176.5211971316123,94537600
3,2022-01-06,169.0420684814453,172.285320469028,168.68825890104756,169.73002738877994,96904000
4,2022-01-07,169.20912170410156,171.14524402422893,168.08872734087262,169.91674077523325,86709100
5,2022-01-10,169.2288055419922,169.53347199078678,165.27793434356843,166.17228843262194,106765600
6,2022-01-11,172.06906127929688,172.16733253020325,167.88232808201516,169.35653181299298,76138300
7,2022-01-12,172.5113525390625,174.13297095610363,171.8135710369917,173.09120251884048,74805200
8,2022-01-13,169.2288055419922,173.5826144650006,168.835675449693,172.7570637657418,84505800
9,2022-01-14,170.0936737060547,170.79145523828697,168.14771352583708,168.39341420548664,80440800
10,2022-01-18,166.87989807128906,169.57276781693594,166.4966056259258,168.56048225619764,90956700
11,2022-01-19,163.37130737304688,168.13790701368765,163.08630115574192,167.07647817629606,94815000
12,2022-01-20,161.6808624267578,166.76195044943782,161.3565357449214,164.10838623013277,91420500
13,2022-01-21,159.61700439453125,163.4695895238368,159.50889548799853,161.59243259966877,122848900
14,2022-01-24,158.840576171875,159.50888984216238,152.03958291935942,157.26810076459748,162294600
15,2022-01-25,157.03221130371094,159.9609590965899,154.31968130054574,156.24596615896806,115798400
16,2022-01-26,156.94375610351562,161.56292551584528,155.1059199641222,160.6882317654177,108275300
17,2022-01-27,156.48184204101562,161.02238556956317,155.55800513342504,159.65629046052865,121954600
18,2022-01-28,167.40074157714844,167.4204018249537,160.00024039603767,162.86019909851277,179935700
19,2022-01-31,171.77426147460938,171.99047927683918,166.5948868425434,167.2337176205423,115541600
20,2022-02-01,171.607177734375,171.83321815334287,169.3467285555597,171.01749012376968,86213900
21,2022-02-02,172.81600952148438,172.8553300243515,170.34918033798783,171.7447582622127,84914300
22,2022-02-03,169.92660522460938,173.20917811107464,169.16002020827554,171.47943551308546,89418100
23,2022-02-04,169.64120483398438,171.32394513354754,167.9584645344212,168.94251932550307,82465400
24,2022-02-07,168.92286682128906,171.17634592324976,168.22418123926562,170.1037296917855,77251200
25,2022-02-08,172.04232788085938,172.5540406567285,168.69653205769893,168.9917515443729,74829200
26,2022-02-09,173.4691925048828,173.83328800439335,172.1111919697569,173.24286408752374,71285000
27,2022-02-10,169.37550354003906,172.68192819387235,168.8146001247778,171.36329839541398,90865900
28,2022-02-11,165.95101928710938,170.32022548644153,165.360580335394,169.58218430454045,98670700
29,2022-02-14,166.18719482421875,166.8760302449342,163.90418026929203,164.70126232865465,86185500
30,2022-02-15,170.03485107421875,170.19230347259372,167.53535806583648,168.2438788430367,62527400
31,2022-02-16,169.79867553710938,170.57607229918491,167.33853829378842,169.1098401120767,61177400
32,2022-02-17,166.18719482421875,169.1688799431976,165.7837287151261,168.3029068340204,69589300
33,2022-02-18,164.6323699951172,167.82069791691148,163.54006857345092,167.1121922796674,82772700
34,2022-02-22,161.6999053955078,164.03211066057264,159.56449308823295,162.3493702057695,91162800
35,2022-02-23,157.5176544189453,163.50069421366558,157.20274968475783,162.90042020266935,90009200
36,2022-02-24,160.14511108398438,160.25335773120963,149.57635530980806,150.1471089937697,141147500
37,2022-02-25,162.22145080566406,162.48713480856267,158.30490162446958,161.22754578023935,91974200
38,2022-02-28,162.48715209960938,162.78237159417588,159.8400418236256,160.46000126066653,95056600
39,2022-03-01,160.59774780273438,163.9435432871471,159.3873645469528,162.0738300711703,83474400
40,2022-03-02,163.9041748046875,164.69142169446647,160.35173616541616,161.7687775639212,79724800
41,2022-03-03,163.57943725585938,166.21671212228483,162.91028714997404,165.78372557589515,76678400
42,2022-03-04,160.56822204589844,162.9102773059474,159.51529120397137,161.86718160657645,83737200
43,2022-03-07,156.75994873046875,162.3887439653584,156.50408484630077,160.75520922600182,96418800
44,2022-03-08,154.92959594726562,160.28285666328267,153.3157466151268,156.28759642734667,131148300
45,2022-03-09,160.3517303466797,160.80440217190915,156.8681828813347,158.9051685561548,91454900
46,2022-03-10,155.9923553466797,157.83253283188523,153.49284799843335,157.64556003629005,105342000
47,2022-03-11,152.2628173828125,156.74027038411012,152.03648894987714,156.3958451472846,96970100
48,2022-03-14,148.21832275390625,151.66251440478936,147.70662509120922,149.03509000440232,108732100
49,2022-03-15,152.6170654296875,153.08942257610076,147.98217542358523,148.4938731423045,92964300
50,2022-03-16,157.04530334472656,157.44876942008187,151.99711238572482,154.54581073699606,102300200
51,2022-03-17,158.0588836669922,158.4328293113158,155.1165693039783,156.08093884327653,75615400
52,2022-03-18,161.36534118652344,161.85736870631507,157.21262771824308,157.9506689979305,123511700
53,2022-03-21,162.74298095703125,163.69751527513725,160.410760966115,160.90278834594352,95811400
54,2022-03-22,166.12815856933594,166.71858251121776,162.28050023380402,162.87092417568584,81532000
55,2022-03-23,167.49600219726562,169.8872485547504,164.9768088738895,165.31139897375533,98062700
56,2022-03-24,171.29443359375,171.36330962465348,167.4959813021374,168.33241890873853,90131400
57,2022-03-25,171.9340362548828,172.4851044775775,169.99544731866433,171.1074339208408,80546200
58,2022-03-28,172.800048828125,172.92796575635768,169.25744513309817,169.42473266654576,90371900
59,2022-03-29,176.10646057128906,176.15565130084448,173.52822668291532,173.8726518827145,100589400
60,2022-03-30,174.93540954589844,176.74606660387158,173.88246380150596,175.70297101646278,92633200
61,2022-03-31,171.82582092285156,175.19128676604245,171.61916279397346,175.00431393883977,103049300
62,2022-04-01,171.5305938720703,172.09151232886626,169.1983887454629,171.25505972274473,78751300
63,2022-04-04,175.59474182128906,175.6439475646401,171.6585226009615,171.78645453057726,76468400
64,2022-04-05,172.26864624023438,175.45698948199342,171.6388517127187,174.66974256872732,73401800
65,2022-04-06,169.09014892578125,170.86145068243167,167.4172586616336,169.61169680197753,89058800
66,2022-04-07,169.3951873779297,170.5957353976524,167.14170856316215,168.43081790840108,77594700
67,2022-04-08,167.37783813476562,169.0408927598191,166.5020301684659,169.0408927598191,76575500
68,2022-04-11,163.1071014404297,166.33480034612657,162.8610877127669,166.01991058277108,72246700
69,2022-04-12,164.9866485595703,167.1614014854587,163.98290835466773,165.34090892509556,79265200
70,2022-04-13,167.6829376220703,168.3127321148904,164.11082878699807,164.72093797881234,70618900
71,2022-04-14,162.6544189453125,168.5390777375964,162.4084052337266,167.8994330781819,75329400
72,2022-04-18,162.4379119873047,163.94351443490115,160.96182997864284,161.30624010470763,69023900
73,2022-04-19,164.73080444335938,165.1441207656436,161.29646203135445,162.38876370484738,67723800
74,2022-04-20,164.5634765625,166.1871759578773,163.45150487225482,166.06907917381437,67929800
75,2022-04-21,163.7664031982422,168.7949239860417,163.26454063992998,166.21670513338208,87227800
76,2022-04-22,159.21023559570312,165.1932911869879,158.92486628163977,163.8057851903542,84882400
77,2022-04-25,160.2828369140625,160.56820617483112,155.93331687209525,158.55089100434944,96046400
78,2022-04-26,154.29981994628906,159.75147779014625,154.22109374803105,159.66291644791357,95623200
79,2022-04-27,154.07347106933594,157.24211378977282,152.9024434257798,153.42399128149194,88063200
80,2022-04-28,161.03073120117188,161.89670425341123,156.3958263617354,156.71073111363518,130216800
81,2022-04-29,155.13623046875,163.54990186297132,154.74261456190868,159.25942241026976,131747600
82,2022-05-02,155.44131469726562,155.70699870242646,150.8260949299853,154.21124610323508,123055300
83,2022-05-03,156.93704223632812,158.1474403507243,153.8274407389376,155.62824765941318,88966500
84,2022-05-04,163.37277221679688,163.82542898874118,156.7205525613251,157.12401860863298,108256500
85,2022-05-05,154.27029418945312,161.46373326041538,152.47930702556806,161.23740483289234,130525300
86,2022-05-06,154.9995574951172,157.1282427342657,151.9444991405495,153.74796732614354,116124600
87,2022-05-09,149.85520935058594,153.57055058807703,149.293481863643,152.68359108165603,131577900
88,2022-05-10,152.2696990966797,154.46737635991622,150.71260627459526,153.26506437118704,115366700
89,2022-05-11,144.37583923339844,153.19606667734942,143.69584140711092,151.2743434971103,142689800
90,2022-05-12,140.49295043945312,144.08017169792242,136.78747393168032,140.6999121632787,182602000
91,2022-05-13,144.97698974609375,145.9526407258744,141.03498745815705,142.4935240941809,113990900
92,2022-05-16,143.4297332763672,145.38103505425713,142.08945202175065,143.43959790519762,86643800
93,2022-05-17,147.0761260986328,147.5984402531948,144.5532317399834,146.7016310302499,78336300
94,2022-05-18,138.7781982421875,145.22336538861344,137.87152447980347,144.72076550868903,109742900
95,2022-05-19,135.35853576660156,139.6060416476657,134.6194101946053,137.85185149313176,136095600
96,2022-05-20,135.59503173828125,138.65993938193793,130.68724267872005,137.07328272324338,137426100
97,2022-05-23,141.03500366210938,141.18282274987226,135.65416330433425,135.79213279876197,117726300
98,2022-05-24,138.32489013671875,139.91154699464488,135.3388239751479,138.7683624803835,104132700
99,2022-05-25,138.48255920410156,139.73413423560646,136.33415991086508,136.42285136269513,92482700
100,2022-05-26,141.69529724121094,142.24717525757603,135.1515728345783,135.3979480231376,90601500
101,2022-05-27,147.4703369140625,147.509750328954,143.15383866233717,143.28195857644457,90978500
102,2022-05-31,146.6819305419922,148.47554915584195,144.71092900811684,146.90860654542266,103718400
103,2022-06-01,146.5538330078125,149.5398992781837,145.53875333248308,147.7265663476628,74286600
104,2022-06-02,149.01756286621094,149.07669050037924,144.73062893844732,145.68656579095972,72348100
105,2022-06-03,143.27212524414062,145.82456895882646,142.36546622324047,144.770075780819,88570300
106,2022-06-06,144.02105712890625,146.41583140720172,142.799030970996,144.89815206168706,71598400
107,2022-06-07,146.5538330078125,146.83962162801657,142.01067364318868,142.25704884726255,67808200
108,2022-06-08,145.81466674804688,147.69696135392218,145.32191647725907,146.4256722718094,53950200
109,2022-06-09,140.57179260253906,145.80479792166835,140.46338694458436,144.9474172871913,69473000
110,2022-06-10,135.1417236328125,138.7190811555441,135.0727313617925,138.24604500265073,91437900
111,2022-06-13,129.96783447265625,133.23968891028474,129.53421176750797,130.94347052169286,122207100
112,2022-06-14,130.83506774902344,131.94868835400084,129.57362805380447,131.19971323419813,84784300
113,2022-06-15,133.46632385253906,135.34863339335774,130.24374808427632,132.34285389788312,91533000
114,2022-06-16,128.17422485351562,130.4704434004071,127.16900988024103,130.16494057459525,108123900
115,2022-06-17,129.6524658203125,131.15043105016284,127.92783964673345,128.18407944512376,134520300
116,2022-06-21,133.89999389648438,135.07274229839362,131.38697879244958,131.48551985360913,81000500
117,2022-06-22,133.3875274658203,135.7625727546572,131.96840403366457,132.8356344352228,73409200
118,2022-06-23,136.26515197753906,136.58050430327893,133.663431380625,134.83617932682697,72433800
119,2022-06-24,139.6060333251953,139.85240850117333,137.7434375963034,137.87154246227976,89116800
120,2022-06-27,139.6060333251953,141.4095014178601,138.9260354334884,140.63094744074303,70207900
121,2022-06-28,135.44723510742188,141.34052580053483,135.32897982103705,140.06923635925068,67083400
122,2022-06-29,137.2112579345703,138.63038134531047,134.6883785543866,135.46693252662052,66242400
123,2022-06-30,134.73764038085938,136.36371032139607,131.83041667995218,135.25995448479154,98964500
124,2022-07-01,136.9156036376953,137.02400931509246,133.69302720857007,134.06750724522163,71051600
125,2022-07-05,139.5074920654297,139.5567701133716,134.94461850939908,135.772450617196,73353800
126,2022-07-06,140.84774780273438,142.03034554759492,139.03443025811185,139.30051963790794,74064300
127,2022-07-07,144.22804260253906,144.42513974752345,141.20254804373226,141.2123976378396,66253700
128,2022-07-08,144.90802001953125,145.41063501342293,142.89760515660754,143.15382993164704,64547800
129,2022-07-11,142.7694854736328,144.51382597051048,141.69529329047643,143.55788906254995,63141600
130,2022-07-12,143.74514770507812,146.2975911754457,142.94689446077814,143.64659160977368,77588800
131,2022-07-13,143.38050842285156,144.3265807145126,140.0593606954875,140.91675656689353,71185600
132,2022-07-14,146.31727600097656,146.79031208077845,141.17296164080028,141.9909289473083,78140700
133,2022-07-15,147.99266052246094,148.67265851350987,146.0512226491225,147.60831579328757,76259900
134,2022-07-18,144.93759155273438,149.37234459214557,144.5729460772953,148.55437722703743,81420900
135,2022-07-19,148.8105926513672,149.03725358197892,144.7798987508147,145.77524895701922,82982400
136,2022-07-20,150.82101440429688,151.49116267268522,148.18972944635095,148.9288549414216,64823400
137,2022-07-21,153.0975341796875,153.3143455287886,149.73697330616696,152.25985260020167,65086600
138,2022-07-22,151.8557891845703,154.01403798046638,151.18565597102892,153.13694301712763,66675400
139,2022-07-25,150.73231506347656,152.792007726243,150.07203146028309,151.7769433024855,53623900
140,2022-07-26,149.4019317626953,150.8703183745743,148.61352809160934,150.05235088160816,55138700
141,2022-07-27,154.5166473388672,155.04882613514658,149.95378934695273,150.36769783431046,78620700
142,2022-07-28,155.06854248046875,155.3543310693815,152.17116799178928,154.70389699283152,81378700
143,2022-07-29,160.15371704101562,161.257488076031,157.1873652790473,158.90214195015406,101786900
144,2022-08-01,159.168212890625,161.2180561543135,158.55720726769144,158.6754625398599,67829400
145,2022-08-02,157.68995666503906,160.05516729364513,157.31547663627524,157.77866315380257,59907000
146,2022-08-03,163.72125244140625,164.17457438761855,158.41925333428367,158.50794479712317,82507500
147,2022-08-04,163.40586853027344,164.76586430720064,162.04587275334626,163.60296566260632,55474100
148,2022-08-05,163.17889404296875,163.6723288419394,160.85974446443265,161.06699370571175,56697000
149,2022-08-08,162.70516967773438,165.60656841764427,162.04396891961866,164.18547392802034,60276900
150,2022-08-09,162.7545623779297,163.64275421535987,161.10649165166032,161.8663855989373,63135500
151,2022-08-10,167.017822265625,167.11650019395563,164.7085358778416,165.4782929876242,70170500
152,2022-08-11,166.27764892578125,168.7448226972921,165.9815850615132,167.82702622390457,57149200
153,2022-08-12,169.84024047851562,169.90931351048877,167.17568088366417,167.59017930923486,68039400
154,2022-08-15,170.91595458984375,171.11332550526615,169.10011807446065,169.26788410549148,54091700
155,2022-08-16,170.7580108642578,171.4290898858051,169.40600460664305,170.51129351456566,56377100
156,2022-08-17,172.25808715820312,173.83706944158646,170.3040896179902,170.50146052110878,79542000
157,2022-08-18,171.86334228515625,172.60349451732048,170.8468677576589,171.4686004513763,62290100
158,2022-08-19,169.2678680419922,171.45871962967124,169.06061881248343,170.75803562921558,70346300
159,2022-08-22,165.36973571777344,167.62966033417896,164.94537398602955,167.4618943197239,69026800
160,2022-08-23,165.03419494628906,166.49477276056035,164.46180878530728,164.88617053329148,54147100
161,2022-08-24,165.33026123046875,165.90264739975865,164.06706935977206,165.12302704926418,53841500
162,2022-08-25,167.79745483398438,167.90601110393493,166.13952095667054,166.56386770201752,51218200
163,2022-08-26,161.4716339111328,168.8040844487855,161.41242413172978,168.33039115512304,78961000
164,2022-08-29,159.26101684570312,160.76104775775735,157.72150271792214,159.0340260013609,73314000
165,2022-08-30,156.82345581054688,160.42552392043874,155.64907854678992,160.00117720950024,77906200
166,2022-08-31,155.1556396484375,158.47152210531658,155.07668827346,158.20506309707196,87991100
167,2022-09-01,155.88592529296875,156.3398768664933,152.6391159459931,154.58325022090398,74229900
168,2022-09-02,153.76414489746094,158.2544044411162,152.93517807481416,157.65241340262483,76957800
169,2022-09-06,152.50096130371094,155.02734512371137,151.67199443622994,154.41549077748996,73714800
170,2022-09-07,153.91220092773438,154.61286996329966,151.59305117128892,152.78717010211398,87449600
171,2022-09-08,152.43186950683594,154.3069155323693,150.6752279441013,152.60949878868428,84923800
172,2022-09-09,155.3036651611328,155.74776853082005,152.71807161072002,153.42861893209738,68028800
173,2022-09-12,161.28408813476562,162.10319169268726,157.20832701154205,157.49451256385936,104956000
174,2022-09-13,151.8200225830078,158.4320461932663,151.35619264515168,157.80045022276116,122656600
175,2022-09-14,153.2707061767578,155.0372110898694,151.59303096684667,152.75752979849568,87965400
176,2022-09-15,150.36932373046875,153.2016498653033,149.39233241450626,152.61938532747467,90481100
177,2022-09-16,148.72125244140625,149.36272674550892,146.4218443622924,149.22456559759132,162278800
178,2022-09-19,152.4515838623047,152.53053522295647,147.14223661975473,147.3494707653374,81474200
179,2022-09-20,154.83984375,156.0043577800845,151.07000947628035,151.38579993733708,107689800
180,2022-09-21,151.7016143798828,156.6557045846627,151.58319483232563,155.27407794326896,101696800
181,2022-09-22,150.7344512939453,152.44173129494766,148.92847832058902,150.37917767527796,86652500
182,2022-09-23,148.4547576904297,149.4811103065939,146.60931671774625,149.2047880772648,96029900
183,2022-09-26,148.79034423828125,151.7509532458143,147.67517669341092,147.69491830315658,93339400
184,2022-09-27,149.767333984375,152.68847479986027,147.98110231146464,150.734477091982,84442700
185,2022-09-28,147.87252807617188,148.6620267188795,142.93818038229188,145.7014181025515,146691400
186,2022-09-29,140.60916137695312,144.7934934551737,138.83279327495222,144.18163918720862,128138200
187,2022-09-30,136.3853759765625,141.2210460611346,136.18800506786133,139.42493615755308,124925300
188,2022-10-03,140.57955932617188,141.19142866488522,135.88206585827712,136.39524222216883,114311700
189,2022-10-04,144.18165588378906,144.30007541815792,142.36580435900075,143.12569817421627,87830100
190,2022-10-05,144.47767639160156,145.44481926076756,141.13218967572325,142.17828390513333,79471000
191,2022-10-06,143.5204315185547,145.60272687269935,143.31319734564778,143.8954467664891,68402200
192,2022-10-07,138.25054931640625,141.2210362492612,137.61895341738395,140.66837666148692,85925600
193,2022-10-10,138.5762481689453,140.02694790278036,136.750548170711,138.5762481689453,74899000
194,2022-10-11,137.15512084960938,139.49401183769913,136.40510543994947,138.06303899554518,77033700
195,2022-10-12,136.5235137939453,138.51699426564903,136.34588452399208,137.30314907900447,70433700
196,2022-10-13,141.11248779296875,141.7046005106399,132.6056617056489,133.21753108987443,113224000
197,2022-10-14,136.56300354003906,142.62238154840435,136.37549592938134,142.41513233177395,88598000
198,2022-10-17,140.5400848388672,141.0236412417774,138.4281847753723,139.21768336307096,85250900
199,2022-10-18,141.8625030517578,144.77376532008952,138.76373315265158,143.57966155321216,99136600
200,2022-10-19,141.9710693359375,143.04675364711534,139.64205634508835,139.8295639891064,61758300
201,2022-10-20,141.50721740722656,143.97439116428012,140.77692855410262,141.14208050988137,64522000
202,2022-10-21,145.3363037109375,145.90868993912767,140.77695549561207,140.99406803245788,86548600
203,2022-10-24,147.48764038085938,148.25739736853123,144.08294369562876,145.25732078304517,75981900
204,2022-10-25,150.3397216796875,150.48776116501867,147.39885428402872,148.1192649256449,74732300
205,2022-10-26,147.3889617919922,149.99429659795183,146.0961501334883,148.97782224560154,88194300
206,2022-10-27,142.89871215820312,147.09290769599798,142.2375113745511,146.12577976482095,109180200
207,2022-10-28,153.69508361816406,155.43196876876547,145.87907785280416,146.25407807739884,164762400
208,2022-10-31,151.32656860351562,152.21476020669766,149.92521569193562,151.14893931793952,97943200
209,2022-11-01,148.671875,153.408851320098,147.17184429440783,153.04371444627304,80379300
210,2022-11-02,143.1256866455078,150.1719344831505,143.0960817643003,146.9942133937789,93604600
211,2022-11-03,137.05645751953125,140.92498461939732,136.92815965034873,140.1946956802254,97918500
212,2022-11-04,136.78955078125,141.03023754059535,132.83552430474884,140.456901891493,140814800
213,2022-11-07,137.32334899902344,137.55070131674174,134.1107022229699,135.53415428478314,83374600
214,2022-11-08,137.8966827392578,139.80449340378323,135.90978972981833,138.79622744381308,89908500
215,2022-11-09,133.31988525390625,136.95759752003397,133.0431046023265,136.90816917152026,74917800
216,2022-11-10,145.18197631835938,145.18197631835938,137.8966866598679,139.61669377296678,118854000
217,2022-11-11,147.9794464111328,148.28588106740983,142.71070401695297,144.1440507641814,93979700
218,2022-11-14,146.57574462890625,148.55275765609238,145.7355080589872,147.25781653663145,73374100
219,2022-11-15,148.31552124023438,151.8247226304383,146.85253571913623,150.47047343692662,89868300
220,2022-11-16,147.0799102783203,148.14749936078283,145.59715017769167,147.4160140311921,64218300
221,2022-11-17,148.9877471923828,149.73900693584756,144.4702638433015,144.74704454265256,80389400
222,2022-11-18,149.55117797851562,150.9449761011956,148.24635692578445,150.55945907613687,74829600
223,2022-11-21,146.30885314941406,148.6417292763469,146.0221928785554,148.4341513417214,58724100
224,2022-11-22,148.4539031982422,148.6911501950918,145.24125698087363,146.42747688170903,51804100
225,2022-11-23,149.33370971679688,150.08496935516192,147.62358231947215,147.73231865639212,58301400
226,2022-11-25,146.40768432617188,147.1688384817839,145.42905755467072,146.60538259059544,35195900
227,2022-11-28,142.56243896484375,144.95462339373816,141.73209694821898,143.47186332830165,69246000
228,2022-11-29,139.54747009277344,143.14563338917574,138.7369025521412,142.63160575157164,83763800
229,2022-11-30,146.32862854003906,147.01070049689147,138.93460350915308,139.77482505617792,111380900
230,2022-12-01,146.6054229736328,147.41600568948158,144.92496463802755,146.5065813559001,71250400
231,2022-12-02,146.11117553710938,146.2989942268281,143.97599740675216,144.2824471593233,65447400
232,2022-12-05,144.94476318359375,149.1854509024183,144.09464669546583,146.0716603810268,68826400
233,2022-12-06,141.26748657226562,145.60703008872727,140.28885957535718,145.3796777864446,64727200
234,2022-12-07,139.3201446533203,141.72220883121116,138.3909458890047,140.55577809875786,69721100
235,2022-12-08,141.01048278808594,141.87049392300491,139.47830938217072,140.72382246539036,62128300
236,2022-12-09,140.52613830566406,143.89695030552423,139.28061001339165,140.70406229975006,76097000
237,2022-12-12,142.829345703125,142.83922534059286,139.43875970806542,141.05991017433828,70462700
238,2022-12-13,143.79806518554688,148.24634516014598,142.58220621584587,147.78174582279246,93886200
239,2022-12-14,141.5640411376953,144.9743859949628,139.5375995292449,143.67944472283807,82291200
240,2022-12-15,134.93116760253906,140.17025624774567,134.46656823635524,139.48818419596876,98931900
241,2022-12-16,132.9640350341797,136.06794556798988,132.1930009902241,135.11898755239025,160156900
242,2022-12-19,130.84861755371094,133.6460931216457,129.8106976607881,133.5571311451233,79592600
243,2022-12-20,130.77943420410156,131.7185125149171,128.39712953221752,129.87988952300458,77432800
244,2022-12-21,133.89321899414062,135.2375886040089,131.224254130209,131.45160643001654,85928000
245,2022-12-22,130.71022033691406,133.0134424692819,128.802409885042,132.80586453500828,77852100
246,2022-12-23,130.344482421875,130.89804371107982,128.14999653723166,129.41528379353238,63814900
247,2022-12-27,128.53549194335938,129.8996356652832,127.2405509126804,129.8699816785815,69007800
248,2022-12-28,124.59137725830078,129.52402325835672,124.42333294025542,128.17965363057965,85438400
249,2022-12-29,128.12037658691406,128.98037274089862,126.26198637816472,126.51899273546344,75703700
250,2022-12-30,128.43666076660156,128.45643512279935,125.9654017030859,126.9341415306844,77034200
251,2023-01-03,123.6325225830078,129.39551044224086,122.74286511723292,128.7826411649236,112117500
252,2023-01-04,124.90769958496094,127.18126787275598,123.64241229292816,125.4316068972832,89113600
253,2023-01-05,123.5831069946289,126.30150047855705,123.32610067708713,125.66885678017948,80962700
254,2023-01-06,128.13023376464844,128.79253144434853,123.45460129199294,124.5617315121944,87754700
255,2023-01-09,128.65414428710938,131.87668586554148,128.3971379685157,128.97047367930062,70790800
256,2023-01-10,129.22747802734375,129.75138537718297,126.647474909861,128.76287866678214,63896200
257,2023-01-11,131.95574951171875,131.97550878336855,128.96057576470602,129.7414893304502,69458900
258,2023-01-12,131.8766632080078,132.71688473025435,129.92930408672314,132.34126249583184,71379600
259,2023-01-13,133.21116638183594,133.36933108444634,130.14680445669435,130.51254713349172,57809700
260,2023-01-17,134.37759399414062,135.7120688975574,132.5883994032112,133.28035102906594,63646600
261,2023-01-18,133.656005859375,137.016922815115,133.47806679892827,135.2475023487297,69672800
262,2023-01-19,133.71530151367188,134.68403382720132,132.23254150823482,132.53897616267878,58280400
263,2023-01-20,136.28543090820312,136.43371598175548,132.6773870363522,133.72520185575365,80223600
264,2023-01-23,139.48817443847656,141.67278077878365,136.3150614449547,136.5325341153351,81760300
265,2023-01-24,140.891845703125,141.51460969317372,138.68748018952127,138.6973598255773,66435100
266,2023-01-25,140.2295684814453,140.79300948686725,137.21461987031523,139.2707157250627,65799300
267,2023-01-26,142.30545043945312,142.59211078456946,140.26911369162724,141.52452159398862,54105100
268,2023-01-27,144.25279235839844,145.53785423534342,141.43555698402906,141.51463933928596,70555800
269,2023-01-30,141.35646057128906,143.8771557170406,141.20819059706298,143.29394037386407,64015300
270,2023-01-31,142.63160705566406,142.68103540109175,140.64471427014325,141.05988522159177,65874500
271,2023-02-01,143.75851440429688,144.92496009089808,139.69576656602072,142.3153031466788,77663600
272,2023-02-02,149.0865936279297,149.44244157391893,146.46704171932092,147.18864741549214,118339000
273,2023-02-03,152.72430419921875,155.57120867700445,146.13096549784504,146.3286638458208,154357300
274,2023-02-06,149.98611450195312,151.3403789118004,149.04703617157855,150.81647157748358,69858300
275,2023-02-07,152.87254333496094,153.44587898676582,148.90863720361276,148.90863720361276,83322600
276,2023-02-08,150.17393493652344,152.80336635897712,149.43255491704016,152.11141469080906,64120100
277,2023-02-09,149.13600158691406,152.55624141902396,148.6911765868534,152.0125597152097,56007100
278,2023-02-10,149.50230407714844,149.8290111554016,147.73018216274517,147.9677914305051,57450700
279,2023-02-13,152.31396484375,152.71985991539307,149.41321016170093,149.44290943263957,62199000
280,2023-02-14,151.6704559326172,152.23477233256068,149.3538219997299,150.60123678518164,61707600
281,2023-02-15,153.7791748046875,153.94747569846558,151.3536388197947,151.58133825179516,65573800
282,2023-02-16,152.1753692626953,154.7692064041291,151.81896289081203,151.97735397330246,68167900
283,2023-02-17,151.0269317626953,151.47243590583545,149.34390771836374,150.8289315997935,59144100
284,2023-02-21,146.99755859375,149.7894107206676,146.92826533516197,148.70038717333577,58867200
285,2023-02-22,147.42327880859375,148.4528887502369,145.69075089528818,147.3836697109664,51011300
286,2023-02-23,147.90835571289062,148.83897298969475,145.76993304792467,148.59146903762738,48394200
287,2023-02-24,145.24525451660156,145.72045796846467,144.26513323484133,145.64125487541327,55469600
288,2023-02-27,146.44317626953125,147.68069636554856,145.97786750491304,146.23528135301038,44998500
289,2023-02-28,145.93824768066406,147.59157242356576,145.36403664496177,145.58184135182967,50547000
290,2023-03-01,143.85919189453125,145.7600203967964,143.5621841365181,145.36402012374026,55479000
291,2023-03-02,144.45323181152344,145.24524759786468,142.46329007120497,142.93850860687647,52238100
292,2023-03-03,149.52212524414062,149.60132834219667,145.85906882111533,146.56197176838737,70732300
293,2023-03-06,152.29417419433594,154.73951510110595,151.92787308169673,152.25456509183925,87558000
294,2023-03-07,150.08644104003906,152.49217281957698,149.62113228238874,152.16546570634722,56182000
295,2023-03-08,151.34371948242188,151.93773504020743,150.31410963622918,151.28432094793197,47204800
296,2023-03-09,149.08648681640625,152.99704649679572,148.73008049756518,152.02683517023416,53833600
297,2023-03-10,147.01736450195312,149.43300577006005,146.13625093512175,148.7102983763868,68572400
298,2023-03-13,148.9676971435547,151.6110378452132,146.2253488070177,146.33425116280637,84457100
299,2023-03-14,151.06654357910156,151.86845415267095,148.60141331315802,149.76962498664284,73695900
300,2023-03-15,151.46253967285156,151.71993837140982,148.42318357477492,149.68050801163758,77167900
301,2023-03-16,154.29397583007812,154.89788610113325,150.1260024664939,150.64081493684654,76161100
302,2023-03-17,153.45248413085938,155.17511745555203,152.7396713831552,154.52170325241562,98944600
303,2023-03-20,155.82852172851562,156.24434176719376,152.61096953502098,153.52179760346752,73641400
304,2023-03-21,157.68975830078125,157.80855539502778,154.97710883273007,155.7493352646716,73938300
305,2023-03-22,156.2542266845703,160.5211932163919,156.23442213481738,157.70955140928402,75701800
306,2023-03-23,157.34323120117188,159.9370833205621,156.10571123599644,157.24423866782476,67622100
307,2023-03-24,158.65005493164062,158.73915274100096,156.27402271003157,157.27393337455686,59196500
308,2023-03-27,156.6997528076172,159.1648984247364,156.2938425662838,158.34318321903,52390300
309,2023-03-28,156.07601928710938,156.90764422361815,154.4226943488484,156.39283166414998,45992200
310,2023-03-29,159.1648712158203,159.44207447801494,157.75905035570605,157.77883979840226,51305700
311,2023-03-30,160.73899841308594,160.84790077737682,159.659884598305,159.9172833200629,49501700
312,2023-03-31,163.2536163330078,163.35262396586768,160.29347845168977,160.8181856716707,68749800
313,2023-04-03,164.51095581054688,164.62975289569243,162.58042764470542,162.62993146566447,56976200
314,2023-04-04,163.97633361816406,165.1742443629799,163.461521135219,164.93665022196166,46278300
315,2023-04-05,162.12498474121094,163.40211360465116,160.18456219964705,163.0952111184354,51511700
316,2023-04-06,163.0160369873047,163.3130448064106,160.38259082111486,160.80829044689202,45390100
317,2023-04-10,160.41229248046875,160.41229248046875,158.48176428720794,159.80838211165943,47716900
318,2023-04-11,159.19459533691406,160.73901806921322,158.90748220210756,160.7291233463205,47644200
319,2023-04-12,158.50157165527344,160.44199460478865,158.18475927615913,159.61038476928212,50133100
320,2023-04-13,163.9070587158203,164.1446680117871,159.80839277568336,160.0163027979601,68445600
321,2023-04-14,163.56053161621094,164.6594498569072,162.18441013519882,162.9467114928456,49386500
322,2023-04-17,163.58033752441406,163.73874370809605,162.39232135968928,163.4417358903036,41516200
323,2023-04-18,164.80796813964844,165.73858561594125,163.99614775175192,164.44166704612937,49923000
324,2023-04-19,165.9563751220703,166.48108235627174,163.8872303481945,164.14464415802902,47720200
325,2023-04-20,164.98619079589844,166.1940117472462,163.90707678235842,164.43178415064662,52456400
326,2023-04-21,163.37242126464844,164.7881366917755,162.84771406794957,163.40212053189984,58337300
327,2023-04-24,163.67933654785156,163.94664508043508,162.25371118266517,163.35262947612597,41949600
328,2023-04-25,162.13490295410156,164.64953661232676,162.09529385976796,163.54072367407858,48714100
329,2023-04-26,162.12498474121094,163.62981301273985,161.1745780165714,161.43197669065242,45498800
330,2023-04-27,166.72857666015625,166.8770729984066,163.54072434320634,163.54072434320634,64902300
331,2023-04-28,167.9859161376953,168.1542321598927,166.2038993325892,166.80780972743617,55209200
332,2023-05-01,167.8968048095703,168.74821914844807,166.95629265889536,167.5899022757501,52472900
333,2023-05-02,166.8572998046875,168.6492415594711,165.86728374647268,168.3918277162097,48425700
334,2023-05-03,165.77818298339844,169.21353985292495,165.4910849784499,167.80771888799373,65136000
335,2023-05-04,164.1347198486328,165.37223965151196,162.6695006318279,163.243711633137,81235400
336,2023-05-05,171.83706665039062,172.55977402605672,169.055109287866,169.27291399392053,113316400
337,2023-05-08,171.7677459716797,172.1142575536809,170.3916245765101,170.7579255984111,55962800
338,2023-05-09,170.05503845214844,171.80735575023974,169.8867375588741,171.32225761857964,45326900
339,2023-05-10,171.82717895507812,172.29248769554175,170.1837487273319,171.29257694818676,53724500
340,2023-05-11,172.01527404785156,172.84688383352895,170.4510470092042,172.11428168700377,49514700
341,2023-05-12,171.08335876464844,172.5605130962495,169.52687667093326,172.12430116865193,45497800
342,2023-05-15,170.58767700195312,171.71785564660993,169.9928397669383,171.66828335580217,37266700
343,2023-05-16,170.58767700195312,171.64845141401116,170.3199987334625,170.50836436212853,42110300
344,2023-05-17,171.2023162841797,171.44023905579192,168.9518675962068,170.23076300297444,57951600
345,2023-05-18,173.5419921875,173.73035780662187,171.09326939359272,171.50964938607018,65496700
346,2023-05-19,173.65106201171875,174.8704617599002,173.43295602393476,174.8704617599002,55772400
347,2023-05-22,172.69931030273438,173.20492646986477,171.95577135327312,172.48120433403864,43570900
348,2023-05-23,170.08204650878906,171.88637487652753,169.80445985641978,171.63852857067366,50747300
349,2023-05-24,170.35963439941406,170.93463964845503,169.05101376120967,169.61609547644804,45143500
350,2023-05-25,171.49977111816406,172.40192036340346,170.21096703266917,170.92476575302507,56058300
351,2023-05-26,173.918701171875,174.25578364207266,171.6186953371014,171.82689288847826,54835000
352,2023-05-30,175.7726287841797,177.44807247659148,175.04892170114425,175.43556138959772,55964400
353,2023-05-31,175.72305297851562,177.80496826079084,175.23726871202743,175.80236562165695,99625300
354,2023-06-01,178.53858947753906,178.5683298287558,175.405808045758,176.1691790241155,68901800
355,2023-06-02,179.39117431640625,180.21402596420296,177.71573067078862,179.4704869589175,61945900
356,2023-06-05,178.03297424316406,183.35670847100744,176.50623240767692,181.05670243794387,121946500
357,2023-06-06,177.6661834716797,178.56833268525313,175.9015035496613,178.41963092679066,64848400
358,2023-06-07,176.2881317138672,179.64892709288569,175.7924390908418,176.90278572567038,61944600
359,2023-06-08,179.01446533203125,179.2821284929526,175.93125619506344,176.367453055308,50214900
360,2023-06-09,179.40109252929688,180.6601409825454,179.0739335613958,179.93643394119178,48870700
361,2023-06-12,182.20669555664065,182.3058401364476,179.4109969086846,179.7084155207665,54274900
362,2023-06-13,181.7308654785156,182.56362563080825,180.868364972737,181.2252643419112,54929100
363,2023-06-14,182.3653259277344,182.8015378873281,180.4519595281904,181.7903206289372,57462900
364,2023-06-15,184.40756225585935,184.91317840758788,182.19677741579343,182.37523462444412,65433200
365,2023-06-16,183.32696533203125,185.3791401358477,182.6825709468553,185.12137027990616,101235600
366,2023-06-20,183.4161834716797,184.4968049134336,182.82136138571053,182.82136138571053,49799100
367,2023-06-21,182.37527465820312,183.8127805401231,181.0170663004923,183.3071642774052,49515700
368,2023-06-22,185.38905334472656,185.43862563579464,182.0877384404729,182.15714267343608,51245300
369,2023-06-23,185.0718231201172,185.94424713129428,183.41621128242684,183.9515678810459,53079300
370,2023-06-26,183.6739654541016,186.4300154782604,183.63430156934749,185.22052415803643,48088700
371,2023-06-27,186.4399261474609,186.767085127622,184.0705157705428,184.28862175731683,50730800
372,2023-06-28,187.6196746826172,188.26406909954764,185.9838949305078,186.31103877905792,51216800
373,2023-06-29,187.95672607421875,188.43260188630063,187.3123317121149,187.4511250421375,46347300
374,2023-06-30,192.2990264892578,192.80462759541973,189.6123654098311,189.97918829297507,85069600
375,2023-07-03,190.8020172119141,192.20978249103928,190.1080354156176,192.11063791232868,31458200
376,2023-07-05,189.68174743652344,191.3175270975779,188.97785723169864,189.919685349564,46920300
377,2023-07-06,190.15760803222656,190.3658055969416,187.5700918477509,188.20457782150964,45094300
378,2023-07-07,189.03733825683597,191.01020041329645,188.60114143984475,189.761060404174,46778000
379,2023-07-10,186.9851837158203,188.3533002828443,185.428701519732,187.62957811566648,59922200
380,2023-07-11,186.45974731445312,187.669238579452,184.9925013196807,187.53044524382943,46638100
381,2023-07-12,188.13519287109372,190.04855924155865,186.8463889538829,188.0459566971953,60750200
382,2023-07-13,188.8985595703125,189.5429691298021,188.1451121436241,188.8589108119984,41342300
383,2023-07-14,189.0472869873047,189.53305615859267,187.9964208689989,188.591243040904,41573900
384,2023-07-17,192.31884765625,192.64600663390735,190.1576197476668,190.24684079775335,50520200
385,2023-07-18,192.0610809326172,192.65591819761897,190.76236853561463,191.6843647836334,48353800
386,2023-07-19,193.41928100585935,196.52230675519328,190.99037488225764,191.4365103758755,80507300
387,2023-07-20,191.4662628173828,194.777486348018,190.84168518874347,193.40936968617575,59581200
388,2023-07-21,190.28651428222656,193.29041080540085,189.5826239989074,192.4279103563728,71917800
389,2023-07-24,191.0895233154297,193.230919269526,190.5938306479448,191.7438412670713,45377800
390,2023-07-25,191.9520263671875,192.7649696142135,191.25805964859208,191.66453127210508,37283200
391,2023-07-26,192.82443237304688,193.95461096026835,191.65460503159764,192.0015807949404,47471900
392,2023-07-27,191.55548095703125,195.50119046422063,190.89125457942112,194.33136299756583,47460200
393,2023-07-28,194.14300537109372,194.93611671931453,192.46756161890423,192.99299467254065,48291400
394,2023-07-31,194.75762939453125,194.79729327585247,193.5778785263088,194.37098975201064,38824100
395,2023-08-01,193.9248962402344,195.0352430334068,193.5977372471017,194.5494738750641,35175100
396,2023-08-02,190.9209899902344,193.4985827896997,190.1972829299724,193.3597894476311,50389300
397,2023-08-03,189.52313232421875,190.71279169853844,189.04727159995883,189.91969553388512,61235200
398,2023-08-04,180.42221069335935,185.7657766923876,180.3528064633521,183.92179948550063,115799700
399,2023-08-07,177.3092803955078,181.5524085909385,175.82220233279125,180.5610232157941,97576100
400,2023-08-08,178.25108337402344,178.71703568412062,176.05020675575068,178.14203038384454,67823000
401,2023-08-09,176.65496826171875,179.37135459798415,175.48512561412892,179.3118738938821,60378500
402,2023-08-10,176.43685913085938,179.1929093058464,176.07005137717866,177.93384562444598,54686900
403,2023-08-11,176.49639892578125,177.32036168980022,175.26543082107975,176.02983256684112,51988100
404,2023-08-14,178.15426635742188,178.38258864969947,176.01990054114177,176.6751020557822,43675600
405,2023-08-15,176.1588897705078,178.17411849604412,175.7618061867858,177.5784931204611,43622600
406,2023-08-16,175.28529357910156,177.24094603057796,175.2157956243564,175.84121662599503,46964900
407,2023-08-17,172.73397827148438,176.2184341041098,172.21775754332143,175.85113106656488,66062900
408,2023-08-18,173.22044372558594,173.8260060676773,170.70885281849434,171.04637539663875,61114200
409,2023-08-21,174.56060791015625,174.8485063914746,172.47589631953025,173.79622123414413,46311900
410,2023-08-22,175.94049072265625,176.38721354501158,174.9676253309852,175.77172944077836,42084200
411,2023-08-23,179.80218505859375,180.2290643006026,177.032491470534,177.2211114741355,52722800
412,2023-08-24,175.0966796875,179.78233860000068,174.72936147404116,179.355459364837,54945800
413,2023-08-25,177.31045532226562,177.84651968096887,174.54076169805765,176.08940889849805,51449600
414,2023-08-28,178.87896728515625,179.27605088665493,177.25090028258217,178.77968881089737,43820700
415,2023-08-29,182.7803649902344,183.55468861261488,178.19398428109324,178.3925260808221,53003900
416,2023-08-30,186.2846527099609,186.48320962835405,183.39583737964136,183.59437915026837,60813900
417,2023-08-31,186.5030517578125,187.7439567493299,186.1158900063697,186.47327124983735,60794500
418,2023-09-01,188.0815277099609,188.53817234491697,186.91010531378717,188.1113082232073,45732600
419,2023-09-05,188.3197479248047,188.5977094450193,186.24495831042893,186.91008160149724,45280000
420,2023-09-06,181.57916259765625,187.47594597496703,180.14963751857883,187.02920802693,81755800
421,2023-09-07,176.26808166503906,176.91336139268128,172.27732670257566,173.90539355501954,112488800
422,2023-09-08,176.88357543945312,178.9285998393183,176.4964136407334,177.05235186894313,65551300
423,2023-09-11,178.05496215820312,178.98812506277298,176.04965560675075,178.7598028034947,58953100
424,2023-09-12,175.0172576904297,178.81939272059032,173.5480302988034,178.18404991763566,90370200
425,2023-09-13,172.94247436523438,176.00998823848755,172.7141369128852,175.22572770658326,84267900
426,2023-09-14,174.4613494873047,174.8187307911344,172.31706166432645,172.73400399416633,60895800
427,2023-09-15,173.73660278320312,175.2157668346055,172.5552740765424,175.19590811540314,109205100
428,2023-09-18,176.67510986328125,178.07485448429676,174.8882034479176,175.1959454962754,67257600
429,2023-09-19,177.76708984375,178.32301284726324,175.84120290460362,176.2283646497479,51826900
430,2023-09-20,174.21315002441406,178.3925098170354,174.1237933470795,177.95570880879336,58436200
431,2023-09-21,172.66448974609375,175.01725608596104,172.59500693822503,173.27998896827123,63047900
432,2023-09-22,173.5182342529297,175.79158086544706,172.7836281326413,173.39911221131908,56725400
433,2023-09-25,174.79884338378906,175.6823671360894,172.88287819083024,172.93251742028295,46172700
434,2023-09-26,170.70883178710938,173.92524796713502,170.41101154694528,173.54802313417602,64588900
435,2023-09-27,169.18995666503906,171.78096710415326,167.8200077433672,171.36402481079512,66921800
436,2023-09-28,169.4480743408203,170.77832096236608,166.40040416763804,168.1078907839796,56294400
437,2023-09-29,169.96429443359375,171.81076180692196,169.10061419351356,170.76839850543928,51814200
438,2023-10-02,172.4857940673828,173.03179529398386,169.6863051315917,169.9742035727841,52164500
439,2023-10-03,171.14561462402344,172.36667607241205,169.5771240058018,171.0066338674304,49594600
440,2023-10-04,172.39646911621094,172.94247039530038,169.7260388902924,169.8451609338146,53020300
441,2023-10-05,173.63735961914062,174.17342391765436,171.42357417816774,172.5254984313363,48527900
442,2023-10-06,176.19859313964844,176.69495515352654,171.91993985589522,172.53543905358532,57224100
443,2023-10-09,177.68768310546875,177.74724412480683,174.52089096334598,175.52353680032698,42390800
444,2023-10-10,177.09205627441406,178.4123811800482,176.65525523522464,176.8041729428218,43698000
445,2023-10-11,178.49179077148438,178.54143000452555,176.30780084757703,176.90342620076967,47551100
446,2023-10-12,179.39517211914062,181.0133020416141,177.73730960362397,178.75982932462722,56743100
447,2023-10-13,177.54872131347656,180.6062983831241,176.84388049788197,180.10001451689263,51427100
448,2023-10-16,177.41964721679688,177.7770284883398,175.22572035442593,175.46397958471027,52517000
449,2023-10-17,175.8610382080078,177.12180184096675,173.5281460602699,175.36467624281698,57549400
450,2023-10-18,174.56060791015625,176.2879533547619,173.8359235344459,174.3025050887744,54764400
451,2023-10-19,174.18336486816406,176.5460377577175,173.9153251388443,174.75913147519677,59302900
452,2023-10-20,171.6221466064453,174.14365914589465,171.38388737014972,174.03445888939677,64189300
453,2023-10-23,171.74127197265625,172.7439178760632,168.69360166729962,169.66648220683237,55980100
454,2023-10-24,172.17808532714844,172.40640764866407,170.20255874285166,171.79092350033105,43816600
455,2023-10-25,169.8551025390625,171.8008333263342,169.4083645680371,170.62942613878033,57157000
456,2023-10-26,165.6757049560547,170.13304109397222,164.46458048468762,169.13038017633548,70625300
457,2023-10-27,166.9960479736328,167.73066925493364,165.6161620916175,165.69558183671225,58499100
458,2023-10-30,169.05096435546875,169.92456632823416,167.6412980843576,167.79021577395145,51131000
459,2023-10-31,169.52749633789062,169.6565401685357,166.67836791176023,168.11782995408234,44846000
460,2023-11-01,172.7042236328125,172.96232646167283,168.88222955093784,169.75583166057058,56934900
461,2023-11-02,176.2779998779297,176.48646342563364,174.18335172794758,174.24291274157727,77334800
462,2023-11-03,175.3647003173828,175.53347673875106,172.08872301559984,172.97224682902157,79763700
463,2023-11-06,177.92593383789062,178.1244756256995,174.92791800211177,175.09667927913767,63841300
464,2023-11-07,180.49710083007807,181.1125849169399,177.66783112206795,177.87629469765844,70530000
465,2023-11-08,181.55931091308597,182.11523398810695,180.2687665473484,181.023246561535,49340300
466,2023-11-09,181.0828094482422,182.7803592021012,180.4871689201494,181.62881074103257,53763500
467,2023-11-10,185.28753662109372,185.45653538852343,182.4346699752206,182.87204642986097,66133400
468,2023-11-13,183.6970977783203,184.9197527658604,183.1106225987718,184.71101456121173,43627500
469,2023-11-14,186.3213348388672,186.9873343669909,185.1881391216873,186.5797776628828,60108400
470,2023-11-15,186.887939453125,188.36905250310775,186.65931635404164,186.72890587030213,53790500
471,2023-11-16,188.5778045654297,189.82034448090351,187.52411797622008,188.4386407016056,54412900
472,2023-11-17,188.5579071044922,189.24379151892643,187.44459626814825,189.11456252266416,50922700
473,2023-11-20,190.30740356445312,190.76466491067268,188.7467813740569,188.75671623264228,46505100
474,2023-11-21,189.5022430419922,190.37699597796984,188.60762038854105,190.26765186097265,38134500
475,2023-11-22,190.1682586669922,191.7785856463244,189.69112755602796,190.3471923134316,39617700
476,2023-11-24,188.83624267578125,189.76068506922263,188.1205384889839,189.73086532541635,24048300
477,2023-11-27,188.6573028564453,189.532055759996,187.77261509452617,188.7865318538488,40552600
478,2023-11-28,189.2636566162109,189.93960615586684,188.2696247743869,188.64736172795116,38415400
479,2023-11-29,188.2398223876953,190.9435904601538,187.8422156813964,189.76069003248776,43014200
480,2023-11-30,188.8163604736328,189.1841625986753,187.06686975200407,188.70701635554832,48794400
481,2023-12-01,190.0986785888672,190.41676093068807,188.1006646303825,189.19410585978827,45679300
482,2023-12-04,188.2994537353516,188.91576382150808,186.33127483914024,188.84617430866663,43389500
483,2023-12-05,192.26564025878903,193.23978723319647,189.0449715767376,189.0748064867984,66628400
484,2023-12-06,191.17222595214844,193.5976510937421,190.9634725753497,193.28950362567244,41089700
485,2023-12-07,193.11058044433597,193.8362194805571,192.43463086867496,192.4744006383907,47477700
486,2023-12-08,194.5419769287109,194.82030462884572,192.5141434931892,193.0409791518531,53377300
487,2023-12-11,192.02706909179688,192.3352317119437,190.27757846347603,191.957494748212,60943700
488,2023-12-12,193.5479736328125,193.5579084922386,190.5758125501861,191.92769665062556,52696900
489,2023-12-13,196.7785797119141,196.81833431777545,193.6871396116279,193.9256975822452,70404200
490,2023-12-14,196.92767333984372,198.4286561477334,194.9893140401918,196.83821410318075,66831600
491,2023-12-15,196.3909149169922,197.21594815206504,195.82430938091505,196.3511451419736,128256700
492,2023-12-18,194.7209014892578,195.4564905299688,193.2298536912898,194.9197048287757,55751900
493,2023-12-19,195.76466369628903,195.77459855586707,194.72092706706565,194.98931995291727,40714100
494,2023-12-20,193.6672515869141,196.5002336161637,193.6672515869141,195.7248898887713,52242800
495,2023-12-21,193.5181121826172,195.90379770975295,192.3451618867601,194.9296507492267,46482500
496,2023-12-22,192.444580078125,194.24377537319003,191.81833513340536,194.0151371176024,37122800
497,2023-12-26,191.8978729248047,192.73285613100865,191.6791846801717,192.45452839560733,28919300
498,2023-12-27,191.99728393554688,192.3452012193128,189.9495803442342,191.34123431157244,48087700
499,2023-12-28,192.4247131347656,193.4982694967864,192.01715638138543,192.98136861854132,34049900
500,2023-12-29,191.3809509277344,193.23978563415235,190.58572241393787,192.7427697089948,42628800
501,2024-01-02,184.53208923339844,187.31538170646212,182.79253333369908,186.0330720064728,82488700
502,2024-01-03,183.1503753662109,184.77065219734183,182.3352619375341,183.1205556229884,58414500
503,2024-01-04,180.8243560791016,181.99730650228184,179.80050438167336,181.06291404030492,71983600
504,2024-01-05,180.09869384765625,181.6692660827433,179.09472708075188,180.90387243418792,62303300
505,2024-01-08,184.4525604248047,184.4923301954816,180.41679326133183,181.0032684531674,59144500
506,2024-01-09,184.0350646972656,184.0449995558496,181.63944418662985,182.82234457021028,42841800
507,2024-01-10,185.0788116455078,185.2875498615879,182.8223548665811,183.24979649333247,46792900
508,2024-01-11,184.4823760986328,185.9336693418516,182.524132048394,185.42670336710847,49128400
509,2024-01-12,184.81040954589844,185.6255229866903,184.0847705038269,184.9495734055796,40444700
510,2024-01-16,182.53407287597656,183.16030262539027,179.85017475552078,181.07284484780743,65603000
511,2024-01-17,181.5897521972656,181.83826018866836,179.2239664331644,180.1881786532248,47317400
512,2024-01-18,187.50424194335935,188.01119275141855,184.72094959289208,184.979392426226,78005800
513,2024-01-19,190.416748046875,190.80441988057507,187.69311035237,188.2000611602168,68741000
514,2024-01-22,192.73284912109372,194.16425751836653,191.11257223144145,191.1523420023232,60133900
515,2024-01-23,194.01515197753903,194.58175747905844,192.67321792314556,193.8561183903394,42355600
516,2024-01-24,193.33920288085935,195.20798769039715,193.18015413797892,194.25371040083743,53631300
517,2024-01-25,193.0111846923828,195.0986578845498,191.95751323703675,194.0549212884663,54822100
518,2024-01-26,191.27163696289065,193.59766821896895,190.7945058465033,193.1106022428928,44594000
519,2024-01-29,190.5857391357422,191.05293535979936,188.4485765371413,190.8640668648328,47145600
520,2024-01-30,186.91775512695312,190.6553248447769,186.35116482109103,189.80045678886228,55859400
521,2024-01-31,183.2994842529297,185.98338263365997,183.24979478995036,185.923727976182,55467800
522,2024-02-01,185.74481201171875,185.83427124755644,182.72296153753896,182.8919451500293,64885400
523,2024-02-02,184.7408447265625,186.21200777158808,178.18022776276848,178.78658786144558,102518000
524,2024-02-05,186.55990600585935,188.120543422021,184.7308908884036,187.02710222804,69668800
525,2024-02-06,188.1702423095703,188.180177168222,185.65534280788864,185.7448020389232,43490800
526,2024-02-07,188.2795867919922,189.9097985097057,187.48435823433903,189.5022417883465,53439000
527,2024-02-08,187.1960906982422,188.40879563608695,186.23187856237743,188.2596969213544,40962000
528,2024-02-09,187.9624786376953,189.0971204380579,187.11646725876847,187.76340641648085,45155200
529,2024-02-12,186.2704620361328,187.78332288230948,185.91215328801408,187.53449778464588,41781900
530,2024-02-13,184.1703643798828,185.33487911795885,182.64755610649428,184.89694454758452,56529500
531,2024-02-14,183.2845458984375,184.65806518525372,181.58259087415237,184.44906062504623,54630500
532,2024-02-15,182.9959259033203,183.62296999377597,180.4977274519665,182.68738521978767,65434500
533,2024-02-16,181.45318603515625,183.981257173353,180.81619448303397,182.5579699194549,49701400
534,2024-02-20,180.70672607421875,181.5726325042779,179.15405998428736,180.93564089848357,53665600
535,2024-02-21,181.4631805419922,182.03049388623003,179.81097819372195,181.0849615211141,41529700
536,2024-02-22,183.5035400390625,184.0907788497269,181.60252771208349,182.6177232415446,52292200
537,2024-02-23,181.66221618652344,184.17036202409395,181.37357059288817,184.1405042298665,45119700
538,2024-02-26,180.30862426757807,181.90109579673225,179.80101134340092,181.3835505229736,40867400
539,2024-02-27,181.77169799804688,183.05562869813585,178.71611879819,180.24888975946536,54318900
540,2024-02-28,180.5673828125,182.25939032452453,179.28345207788615,181.6522565198894,48953900
541,2024-02-29,179.90052795410156,181.71198177710176,178.6862603817135,180.4180883588269,136682600
542,2024-03-01,178.815673828125,179.6815803178056,176.54639012704013,178.7061901764464,73488000
543,2024-03-04,174.27708435058594,176.0686126971914,172.97322823226915,175.32213749041347,81510100
544,2024-03-05,169.32049560546875,171.2314705105848,168.82284541599856,169.95748724050745,95132400
545,2024-03-06,168.32518005371094,170.43522699407845,167.88724549652,170.256065044738,68587700
546,2024-03-07,168.2057647705078,169.92763018116116,167.6981670423948,168.35505375316498,71765100
547,2024-03-08,169.92762756347656,172.8836708711805,168.14604658720506,168.20576217934803,76114600
548,2024-03-11,171.93814086914062,173.56048535052068,171.2414336396481,172.12725037151972,60139500
549,2024-03-12,172.41586303710938,173.2121062975323,170.20629520329734,172.3362371923594,59825400
550,2024-03-13,170.32574462890625,172.37606081011293,169.95747319192603,171.95803650796103,52488700
551,2024-03-14,172.1869659423828,173.49080701178275,171.2414336176872,172.0973925529764,72913500
552,2024-03-15,171.80874633789062,171.80874633789062,169.48969463541124,170.3655638276482,121664700
553,2024-03-18,172.90357971191406,176.87483361469177,172.70452267737835,174.7448914522954,75604200
554,2024-03-19,175.25247192382812,175.77997984762692,172.21680308785983,173.52064400091257,55215200
555,2024-03-20,177.83030700683594,177.83030700683594,174.2671300256647,174.89417408943874,53423100
556,2024-03-21,170.5646209716797,176.65586961417029,170.03711298613993,176.2179350177799,106181300
557,2024-03-22,171.47035217285156,172.23673773536032,169.26078406375387,170.95279171103329,71106600
558,2024-03-25,170.0470733642578,171.13194711675715,168.65364374159117,169.76839047714014,54288300
559,2024-03-26,168.9124298095703,170.61438491064948,168.78303590364706,169.20106023000122,57388400
560,2024-03-27,172.49551391601562,172.78415954350993,169.31055559917013,169.60914876354798,60273300
561,2024-03-28,170.67410278320312,171.4205780589011,169.70866021166748,170.94283813483634,65672700
562,2024-04-01,169.2309112548828,170.4451788535061,168.68349304450714,170.38546326457012,46240500
563,2024-04-02,168.04649353027344,168.54414366405445,167.43935975957754,168.28537106183597,49329500
564,2024-04-03,168.85269165039062,169.8778497555363,167.78772821512752,167.99673277562965,47691700
565,2024-04-04,168.026611328125,171.11203328162168,168.026611328125,169.48968886138192,53704400
566,2024-04-05,168.7830352783203,169.5892261323792,168.15599119757314,168.79298281447828,42055200
567,2024-04-08,167.65834045410156,168.40481571452685,167.4493358859462,168.23561647794648,37425500
568,2024-04-09,168.8726043701172,169.2806811483862,167.55881583801002,167.90716183961618,42451200
569,2024-04-10,166.99148559570312,168.29532657810816,166.3246362072623,168.0066961691415,49709300
570,2024-04-11,174.21737670898438,174.63541624491384,167.36972023014152,167.5488670137579,91070300
571,2024-04-12,175.72027587890625,177.52176704196785,173.39127675717174,173.4410296238906,101593300
572,2024-04-15,171.87840270996094,175.7998881273465,171.68929323241036,174.53585255667426,73531800
573,2024-04-16,168.583984375,172.94338974194338,167.47920033817573,170.94284143183614,73711200
574,2024-04-17,167.21046447753906,169.84800441976404,167.21046447753906,168.81289870293196,50901200
575,2024-04-18,166.2549591064453,167.8474456964944,165.7672716683895,167.24031189258443,43122900
576,2024-04-19,164.2245635986328,165.6179780634261,163.3088890664717,165.42888374733738,67772100
577,2024-04-22,165.0605926513672,166.4739172082034,163.99562926284756,164.74210446317437,48116400
578,2024-04-23,166.11561584472656,166.26492000363532,164.14492548116624,164.57291251221173,49537800
579,2024-04-24,168.2256622314453,168.50434510258808,165.42887079721268,165.75730653407012,48251800
580,2024-04-25,169.09158325195312,169.80820075027214,167.3597550998357,168.73327450279362,50558300
581,2024-04-26,168.5043487548828,170.53475474394267,168.38490238817732,169.081624768213,44838400
582,2024-04-29,172.68460083007812,175.20270935632288,172.28648678772151,172.55520693212748,68169400
583,2024-04-30,169.52951049804688,174.1676137755898,169.20105955998108,172.51541154910535,65934800
584,2024-05-01,168.5043487548828,171.89832652202932,168.31523926242042,168.78303163206596,50383100
585,2024-05-02,172.21682739257812,172.6049939419865,170.08688513916923,171.69926693100732,94214900
586,2024-05-03,182.51817321777344,186.1211554309572,181.8015557893833,185.7727942523785,163224100
587,2024-05-06,180.8560333251953,183.3343214775735,179.5720873686165,181.4930249418685,78569700
588,2024-05-07,181.54278564453125,184.0310366275269,180.46787458450643,182.5878540948052,77305800
589,2024-05-08,181.8811798095703,182.20963072654143,180.5972339353124,181.9906634485607,45057100
590,2024-05-09,183.70260620117188,183.792179594264,181.2541604804327,181.7020426329725,48983000
591,2024-05-10,182.4368438720703,184.47000383075684,181.51992740382525,184.2806378369833,50759500
592,2024-05-13,185.656005859375,186.4732663574828,184.0015628078464,184.8188233059542,72044800
593,2024-05-14,186.8021697998047,187.66926595480425,185.6659889969534,186.8819036535792,52393600
594,2024-05-15,189.08450317382807,190.0113806876588,186.74236879854,187.28056849688068,70400000
595,2024-05-16,189.2041015625,190.4598907547877,189.02471179656044,189.83199615864385,52845200
596,2024-05-17,189.23399353027344,190.17084727488813,188.54630236847427,188.875198802712,41282900
597,2024-05-20,190.40008544921875,191.2771426664072,188.37688635675943,188.6958217839837,44361300
598,2024-05-21,191.7057037353516,192.08442053272117,190.28048580582157,190.4499145429012,42309400
599,2024-05-22,190.2605438232422,192.17412585880135,189.63266445026173,191.625965130265,34648500
600,2024-05-23,186.25401306152344,190.3602074339564,186.0048504863481,190.3402701697929,51005900
601,2024-05-24,189.3436279296875,189.9416242186365,187.41012383078692,188.1875250894915,36294600
602,2024-05-28,189.3535919189453,192.3535037829733,188.4665737792376,190.8684893929941,52280100
603,2024-05-29,189.652587890625,191.6060292626522,188.8752018363686,188.97487295416656,53068000
604,2024-05-30,190.6492462158203,191.53626445370173,189.99146851693155,190.1210227262773,49947900
605,2024-05-31,191.60601806640625,191.92495345858123,189.2738600399137,190.79873376551856,75158300
606,2024-06-03,193.38006591796875,194.33685694398167,191.8751293663799,192.25384615761888,50080500
607,2024-06-04,193.6989898681641,194.66574186569684,192.38340418619828,193.9880117607724,47471400
608,2024-06-05,195.21389770507807,196.24044634116564,194.2172473626493,194.7454708275224,54156800
609,2024-06-06,193.8285675048828,195.8418055915052,193.51960831096957,195.0345211925245,41181800
610,2024-06-07,196.23046875,196.28030430445065,193.4896805396524,193.99796669662615,53103900
611,2024-06-10,192.4730987548828,196.6391048667748,191.50634675889475,196.2404356269631,97262100
612,2024-06-11,206.45611572265625,206.46609195915696,192.9814138224934,193.00133588013964,172373300
613,2024-06-12,212.35630798339844,219.46241499269527,206.20696163392407,206.6753885384406,198134300
614,2024-06-13,213.5223693847656,216.02395620562416,210.89121315624297,214.02069454325613,97862700
615,2024-06-14,211.7782287597656,214.44924427717245,210.59221246372425,213.13367378271624,70122700
616,2024-06-17,215.94422912597656,218.21659070332572,212.0074632920053,212.65527993528357,93728300
617,2024-06-18,213.5721893310547,217.8976632564161,212.28651711595563,216.86113841241476,79943300
618,2024-06-20,208.9776306152344,213.5223688231627,208.1504242370716,213.21339445126264,86172500
619,2024-06-21,206.79498291015625,211.1802382889184,206.41625091745036,209.6852627905662,246421400
620,2024-06-24,207.44281005859372,211.9875333707341,205.89799892378585,207.02421872275744,80727000
621,2024-06-25,208.36968994140625,210.67194975002215,207.91122410230184,208.44940858434205,56713900
622,2024-06-26,212.5356903076172,214.1402980033581,209.9344322470105,210.79155216910212,66213200
623,2024-06-27,213.3828582763672,215.01736433595823,211.63872006367092,213.97087836680484,49772700
624,2024-06-28,209.9144744873047,215.34623061165476,209.5955543096767,215.0472324898511,82542700
625,2024-07-01,216.02395629882807,216.78140506529675,211.2101334408119,211.37956216985052,60402900
626,2024-07-02,219.53216552734372,219.64179766849512,214.3794853085834,215.4259559559557,58046200
627,2024-07-03,220.80789184570312,220.80789184570312,218.29632866276663,219.26308073535037,37369800
628,2024-07-05,225.5818328857422,225.6914650307592,220.90754038733803,220.90754038733803,60412400
629,2024-07-08,227.056884765625,227.08678305881676,222.50218547217585,226.32931907748747,59085900
630,2024-07-09,227.9139862060547,228.631575647805,225.6117264169712,227.1664984715379,48076100
631,2024-07-10,232.19960021972656,232.29927134034503,228.48209857735924,228.5319341376685,62627700
632,2024-07-11,226.80772399902344,231.61157070495585,225.0137503547776,230.61492037011672,64710600
633,2024-07-12,229.76776123046875,231.86073301422448,227.91399100155516,228.1531925563972,53046500
634,2024-07-15,233.6148376464844,236.43535998230436,232.3092281117703,235.68787221439837,62631300
635,2024-07-16,234.03343200683597,235.47857190808813,231.5517672716992,234.2128217621178,43234300
636,2024-07-17,228.1133270263672,230.68468664215072,225.88082486496336,228.68140979310064,57345900
637,2024-07-18,223.4290771484375,229.66811832325195,221.5254864612201,229.50865061099643,66034600
638,2024-07-19,223.55862426757807,226.0402889661169,222.5320756847993,224.06692564873424,49151500
639,2024-07-22,223.20980834960935,227.01700459563804,222.34271224556247,226.24957960487183,48201800
640,2024-07-23,224.25628662109372,226.1798296775016,221.93408951337017,223.61843101438217,39960300
641,2024-07-24,217.80796813964844,224.04700927387208,216.40270265661363,223.24968592545983,61777600
642,2024-07-25,216.7614898681641,220.11023564894725,213.9010930254534,218.19665359620475,51391200
643,2024-07-26,217.2299041748047,218.75477790382115,215.2864239407029,217.96741565742545,41601300
644,2024-07-29,217.50897216796875,218.5654190781,215.0273073866339,216.23326096996,36311800
645,2024-07-30,218.0670928955078,219.59196666736065,215.3960621319004,218.45578591171196,41643800
646,2024-07-31,221.3361053466797,223.07028238181744,219.8909654212368,220.6982497488722,50036300
647,2024-08-01,217.62857055664065,223.72806581879624,216.29306274041448,223.61843367222977,62501000
648,2024-08-02,219.12355041503903,224.84432899946663,216.98075820790515,218.41592196270943,105568600
649,2024-08-05,208.5690155029297,212.7848420736874,195.34346157584417,198.42310739676373,119548600
650,2024-08-06,206.53585815429688,209.28662299148328,200.39650324752452,204.612330181792,69660500
651,2024-08-07,209.1171875,212.9243839975228,205.69866882998735,206.2069550428707,63516400
652,2024-08-08,212.5954742431641,213.4824924067945,208.13048513245965,212.39614722358988,47161100
653,2024-08-09,215.51568603515625,216.05387055494424,211.259984607228,211.38955402452132,42201600
654,2024-08-12,217.0522918701172,219.02793942662467,215.12653755613,215.59550663031672,38028100
655,2024-08-13,220.78407287597656,221.40270642093424,218.5290263212716,218.5290263212716,44155300
656,2024-08-14,221.23309326171875,222.54021400164925,219.21752501736543,220.08562480803565,41960600
657,2024-08-15,224.22650146484372,224.8551228159093,222.27079905335071,224.10676986474732,46414000
658,2024-08-16,225.5535888671875,226.33187474025672,223.15885022096825,223.42826155403992,44340200
659,2024-08-19,225.39393615722656,225.4937226434457,222.5501887780633,225.2243113108782,40687800
660,2024-08-20,226.0125732421875,226.6711275207631,224.95490346311303,225.27420804373648,30299000
661,2024-08-21,225.90280151367188,227.47933353511343,224.5557753561492,226.02254833732331,34765500
662,2024-08-22,224.03692626953125,227.8385569948794,223.4083048904395,227.2897617611708,43695300
663,2024-08-23,226.3418426513672,227.7188169640382,223.8373602369176,225.16444130741013,38677300
664,2024-08-26,226.68109130859372,226.7808777924977,223.39832305195915,226.2620154817008,30602200
665,2024-08-27,227.5292205810547,228.3474270817302,224.39611696496783,225.5036798955901,35934600
666,2024-08-28,225.99261474609372,229.35520907583677,225.18438078371824,227.4194670399241,38052200
667,2024-08-29,229.28536987304688,232.4085012026452,228.37737982242845,229.59470189609323,51906300
668,2024-08-30,228.49710083007807,229.89402024722435,226.98043458769095,229.6844899472923,52990800
669,2024-09-03,222.28077697753903,228.49709095305272,220.684284662428,228.0480822473274,50190600
670,2024-09-04,220.3650054931641,221.29295584608855,217.0023958735564,221.17322424578344,43840200
671,2024-09-05,221.89163208007807,224.98481497811864,221.03352013282225,221.14327916881817,36615400
672,2024-09-06,220.3350830078125,224.74537478911404,219.2873857797809,223.4581991238727,48423000
673,2024-09-09,220.42486572265625,220.7840757397734,216.23409233980905,220.33506702469683,67180000
674,2024-09-10,219.6266326904297,220.9936192587632,216.2540503959821,218.4392435287618,51591000
675,2024-09-11,222.1710205078125,222.6000688776049,217.4114916314568,220.9736588702828,44587100
676,2024-09-12,222.28077697753903,223.059062794204,219.33725854525207,222.01136566399225,37498200
677,2024-09-13,222.01138305664065,223.5479944694599,221.42268236911949,223.08901316997165,36766600
678,2024-09-16,215.84495544433597,216.7429728995392,213.4502168549942,216.0644583037111,59357400
679,2024-09-17,216.31390380859372,216.42366284814068,214.0289395447448,215.27619443719672,45519300
680,2024-09-18,220.20535278320312,222.22092099435915,217.0622612537557,217.0722490372817,59894900
681,2024-09-19,228.3673858642578,229.3153117998868,224.1367068474718,224.49591687958383,66781300
682,2024-09-20,227.6988525390625,232.5781131211396,227.12012443578536,229.46496974860835,318679900
683,2024-09-23,225.97265625,228.94610768522745,225.31410200503296,226.8407407931877,54146000
684,2024-09-24,226.8706817626953,228.8463445678705,225.2342838755063,228.147869614878,43556100
685,2024-09-25,225.8728790283203,226.79085685048213,223.52804884217397,224.43603888049125,42308700
686,2024-09-26,227.02035522460935,227.99819881641105,224.9149883158055,226.80083714120576,36636700
687,2024-09-27,227.2897491455078,229.01596089620384,226.80083496693396,227.9582911728241,34026000
688,2024-09-30,232.4883270263672,232.4883270263672,229.14567760776436,229.53482055042812,54541900
689,2024-10-01,225.71324157714844,229.14567442683443,223.24866456606327,229.01597026460064,63285000
690,2024-10-02,226.281982421875,226.8706831083472,222.5302449869956,225.39393750024195,32880600
691,2024-10-03,225.1744079589844,226.3119038145279,222.82957789090327,224.6455731013804,34044200
692,2024-10-04,226.30194091796875,227.49930262356304,223.63780617480535,227.39951613756347,37245100
693,2024-10-07,221.20315551757807,225.1943712346882,220.84394549402705,224.0069821228032,39505400
694,2024-10-08,225.27420043945312,225.4837307412941,222.7597302404025,223.8074274254469,31855700
695,2024-10-09,229.03591918945312,229.24546472466872,224.3362709632568,224.7353864657012,33591100
696,2024-10-10,228.5370178222656,228.99601435408127,226.67112924406288,227.27979028338345,28183500
697,2024-10-11,227.05029296875,228.9062089337624,226.8407474391105,228.79644988971887,31759200
698,2024-10-14,230.79205322265625,231.22110160659443,228.09798564307096,228.19775690140835,39882100
699,2024-10-15,233.33645629882807,236.9684620133565,231.85969551276995,233.0969778733182,64751400
700,2024-10-16,231.27099609375,231.61024577942743,229.33525401328015,231.09139869260775,34082200
701,2024-10-17,231.6401824951172,233.3364614020046,230.0137723986246,232.9173703418766,32993800
702,2024-10-18,234.48391723632807,235.66131853389135,233.4960858911256,235.66131853389135,46431500
703,2024-10-21,235.96067810058597,236.32987592195377,233.9351372634737,233.9351372634737,36254500
704,2024-10-22,235.342041015625,235.70125104779564,232.08920560922664,233.376366009758,38846600
705,2024-10-23,230.25323486328125,234.62362105235997,227.25982300232985,233.56595129753524,52287000
706,2024-10-24,230.0636749267578,230.3131259260407,227.90841463888628,229.47495899723685,31109500
707,2024-10-25,230.9018096923828,232.7078323586645,229.0658541264054,229.2354789664412,38802300
708,2024-10-28,232.88743591308597,234.21451699403664,232.03931169048732,232.80762499530724,36087100
709,2024-10-29,233.15684509277344,233.815399347975,231.8098189074392,232.58810476348472,35417200
710,2024-10-30,229.5946807861328,232.95727501758805,229.04588560251636,232.09916306464564,47070900
711,2024-10-31,225.4138946533203,229.325284321648,224.8750719925984,228.83635490362704,64370100
712,2024-11-01,222.42047119140625,224.8551151455125,219.78626950218683,220.48472918772245,65276700
713,2024-11-04,221.5224456787109,222.3007315284092,219.2275088130919,220.5046966292777,44944500
714,2024-11-05,222.95928955078125,223.4581915257104,220.65436486265335,221.31291912362707,28111300
715,2024-11-06,222.23089599609372,225.5735453041769,220.7042571772517,222.1211369530596,54561100
716,2024-11-07,226.98043823242188,227.37956894750107,224.0768403097807,224.13670611072257,42137700
717,2024-11-08,226.7107391357422,228.4088689967903,226.16134014604208,226.92049995960824,38328800
718,2024-11-11,223.98373413085935,225.45212091614076,221.25673663335024,224.7528927426808,42005600
719,2024-11-12,223.98373413085935,225.34224111445195,223.11469448970428,224.30339000560164,40398300
720,2024-11-13,224.8727569580078,226.4010754152989,222.5153482196322,223.76397540644064,48566200
721,2024-11-14,227.9693603515625,228.61864039722624,224.7528954725484,224.77287777547028,44923900
722,2024-11-15,224.7528839111328,226.6707733581308,224.023689933323,226.15134020310103,47923700
723,2024-11-18,227.7695770263672,229.4876892234719,224.9227009955052,225.00261496304853,44686000
724,2024-11-19,228.0292816162109,229.9072217123872,226.4110657200773,226.7307063420897,36211800
725,2024-11-20,228.7484893798828,229.67746064503265,225.64190448211676,227.80951934283004,35169600
726,2024-11-21,228.2690277099609,229.907225938216,225.46211628612437,228.6286329426038,42108300
727,2024-11-22,229.61753845214844,230.4666110292765,227.80952873867184,227.80952873867184,38168300
728,2024-11-25,232.6142425537109,232.99383009111637,229.48769048234251,231.2058026888721,90152800
729,2024-11-26,234.8018341064453,235.31128373473047,233.07373841155265,233.07373841155265,45986200
730,2024-11-27,234.67198181152344,235.43115689965904,233.55321672420507,234.21249554010248,33498400
731,2024-11-29,237.06935119628903,237.5488197625333,233.71304074851764,234.5521145499528,28481400
732,2024-12-02,239.3268585205078,240.52553753151284,236.89953466637493,237.00941446483552,48137100
733,2024-12-03,242.3834991455078,242.49337894569655,238.6376176509325,239.54662188503684,38861000
734,2024-12-04,242.74310302734372,243.84190102311464,240.9850414761411,242.6032573953393,44383900
735,2024-12-05,242.7730712890625,244.2714238935446,241.86408229295347,243.72204013219252,40033900
736,2024-12-06,242.5732879638672,244.3613305629988,241.8141281502541,242.6432183998472,36870600
737,2024-12-09,246.47900390625,246.96847124510987,241.48449521514056,241.56440918324205,44649200
738,2024-12-10,247.4978790283203,247.93739821602463,245.0705399660552,246.61884065291167,36914800
739,2024-12-11,246.2192840576172,250.5245479203196,245.98952569372008,247.6876707672576,45205800
740,2024-12-12,247.68768310546875,248.46682524629017,245.4101731068781,246.61885092340057,32777500
741,2024-12-13,247.85748291015625,249.016197294528,245.96955931284188,247.54782582286597,33155300
742,2024-12-16,250.7642822265625,251.1039203968556,247.3780059899919,247.71764416028495,51694800
743,2024-12-17,253.20159912109372,253.5512208135588,249.50566587259755,249.80533943156328,51356400
744,2024-12-18,247.77757263183597,254.0007260278641,247.46791553993853,251.883059276542,56774100
745,2024-12-19,249.51565551757807,251.72323503929724,246.81862390484892,247.2281772707384,60882300
746,2024-12-20,254.21051025390625,254.71994465608725,245.4201718605057,247.76758181309805,147495300
747,2024-12-23,254.9896545410156,255.36922684225436,253.171646035914,254.49020366493687,40858800
748,2024-12-24,257.9164428710937,257.92641115938613,255.0096198916901,255.2094124344067,23234700
749,2024-12-26,258.7355041503906,259.81433504408284,257.3470466563245,257.90642916266114,27237100
750,2024-12-27,255.30929565429688,258.41589596104086,252.78207543596488,257.54682582842287,42355300
751,2024-12-30,251.9230194091797,253.22159473829512,250.47461491371797,251.95298524244893,35557500
752,2024-12-31,250.1449737548828,253.00183336212825,249.15605553782555,252.16275955239965,39480700
